"butter","butter","21"
"whisky","whisky","20"
"double_cream","double cream","17"
"black_pepper","black pepper","15"
"caster_sugar","caster sugar","10"
"egg","egg","10"
"raspberry","raspberry","9"
"honey","honey","9"
"lemon","lemon","8"
"milk","milk","7"
"haggis","haggis","7"
"oatmeal","oatmeal","7"
"olive_oil","olive oil","6"
"onion","onion","6"
"chives","chives","5"
"white_pepper","white pepper","5"
"leek","leek","5"
"parsley","parsley","5"
"breadcrumbs","breadcrumbs","5"
"smoked_salmon","smoked salmon","5"
"celery","celery","5"
"carrot","carrot","5"
"garlic","garlic","4"
"plain_flour","plain flour","4"
"vegetable_oil","vegetable oil","4"
"salt","salt","4"
"floury_potato","floury potato","4"
"swede","swede","4"
"flour","flour","3"
"chicken_stock","chicken stock","3"
"sultanas","sultanas","3"
"icing_sugar","icing sugar","3"
"oats","oats","3"
"oil","oil","3"
"brown_sugar","brown sugar","3"
"potato","potato","3"
"turnip","turnip","3"
"self-raising_flour","self-raising flour","3"
"shallot","shallot","3"
"vanilla_pod","vanilla pod","3"
"cream","cream","2"
"white_chocolate","white chocolate","2"
"dill","dill","2"
"cinnamon","cinnamon","2"
"bay_leaf","bay leaf","2"
"orange","orange","2"
"sea_salt","sea salt","2"
"bacon","bacon","2"
"beef_stock","beef stock","2"
"raisins","raisins","2"
"arbroath_smokie","arbroath smokie","2"
"parsnip","parsnip","2"
"creme_fraiche","crème fraîche","2"
"watercress","watercress","2"
"pepper","pepper","2"
"horseradish_sauce","horseradish sauce","2"
"mace","mace","2"
"thyme","thyme","2"
"golden_syrup","golden syrup","2"
"egg_yolk","egg yolk","2"
"sugar","sugar","2"
"dijon_mustard","Dijon mustard","2"
"bicarbonate_of_soda","bicarbonate of soda","2"
"savoy_cabbage","savoy cabbage","2"
"currant","currants","2"
"venison","venison","2"
"vegetable_stock","vegetable stock","1"
"clotted_cream","clotted cream","1"
"lemon_juice","lemon juice","1"
"fruit","fruit","1"
"beef_fillet","fillet of beef","1"
"kale","kale","1"
"ice_cream","ice cream","1"
"custard","custard","1"
"stock","stock","1"
"paprika","paprika","1"
"sunflower_oil","sunflower oil","1"
"portobello_mushrooms","Portobello mushrooms","1"
"beef_dripping","beef dripping","1"
"blackberry","blackberry","1"
"walnut","walnut","1"
"suet","suet","1"
"hazelnut","hazelnut","1"
"pear","pear","1"
"fish","fish","1"
"glucose","glucose","1"
"salad_leaves","salad leaves","1"
"redcurrant_jelly","redcurrant jelly","1"
"cayenne_pepper","cayenne pepper","1"
"buttermilk","buttermilk","1"
"wholegrain_mustard","wholegrain mustard","1"
"strong_white_flour","strong white flour","1"
"mutton","mutton","1"
"gin","gin","1"
"haddock","haddock","1"
"peppercorn","peppercorn","1"
"mixed_spices","mixed spices","1"
"flaked_almonds","flaked almonds","1"
"demerara_sugar","demerara sugar","1"
"white_wine_vinegar","white wine vinegar","1"
"soy_sauce","soy sauce","1"
"new_potatoes","new potatoes","1"
"pecorino_cheese","pecorino","1"
"egg_white","egg white","1"
"white_wine","white wine","1"
"beetroot","beetroot","1"
"chanterelle_mushrooms","chanterelle mushrooms","1"
"soured_cream","soured cream","1"
"date","date","1"
"stem_ginger","stem ginger","1"
"lime","lime","1"
"star_anise","star anise","1"
"emmental_cheese","emmental","1"
"croissant","croissant","1"
"nutmeg","nutmeg","1"
"black_treacle","black treacle","1"
"mayonnaise","mayonnaise","1"
"pearl_barley","pearl barley","1"
"apricot_jam","apricot jam","1"
"mustard","mustard","1"
"gravy","gravy","1"
"mascarpone_cheese","mascarpone","1"
"mint","mint","1"
"orange_juice","orange juice","1"
"grouse","grouse","1"
"mushroom","mushroom","1"
"shortcrust_pastry","shortcrust pastry","1"
"ginger_ground","ground ginger","1"
"pine_nut","pine nut","1"
"liqueur","liqueur","1"
"port","port","1"
"spinach","spinach","1"
"cream_cheese","cream cheese","1"
"vanilla_extract","vanilla extract","1"
"red_wine","red wine","1"
"nasturtium","nasturtium","1"
"tomato","tomato","1"
"king_edward_potato","King Edward","1"
"sorrel","sorrel","1"
"horseradish","horseradish","1"
"yeast","yeast","1"
