"olive_oil","olive oil","630"
"black_pepper","black pepper","441"
"garlic","garlic","373"
"butter","butter","240"
"parmesan_cheese","parmesan","224"
"salt","salt","206"
"onion","onion","172"
"parsley","parsley","169"
"lemon","lemon","160"
"basil","basil","159"
"egg","egg","153"
"pepper","pepper","117"
"white_wine","white wine","114"
"plain_flour","plain flour","79"
"rosemary","rosemary","78"
"chilli","chilli","74"
"carrot","carrot","73"
"shallot","shallot","73"
"caster_sugar","caster sugar","72"
"thyme","thyme","72"
"mozzarella_cheese","mozzarella","72"
"celery","celery","70"
"double_cream","double cream","65"
"flour","flour","54"
"chopped_tomatoes","chopped tomatoes","53"
"pasta","pasta","52"
"tomato","tomato","51"
"tomato_puree","tomato purée","50"
"chicken_stock","chicken stock","48"
"egg_yolk","egg yolk","47"
"sage","sage","46"
"vegetable_stock","vegetable stock","46"
"mushroom","mushroom","45"
"plum","plum","45"
"pine_nut","pine nut","44"
"milk","milk","44"
"balsamic_vinegar","balsamic vinegar","42"
"cherry_tomatoes","cherry tomatoes","42"
"courgette","courgette","41"
"red_onion","red onion","41"
"red_wine","red wine","41"
"prosciutto","prosciutto","39"
"ricotta_cheese","ricotta","39"
"pancetta","pancetta","39"
"oregano","oregano","39"
"sugar","sugar","39"
"breadcrumbs","breadcrumbs","38"
"rocket","rocket","38"
"olive","olive","38"
"nutmeg","nutmeg","37"
"capers","capers","37"
"pea","peas","36"
"mint","mint","35"
"risotto_rice","risotto rice","34"
"spinach","spinach","32"
"anchovy","anchovies","32"
"spaghetti","spaghetti","31"
"pecorino_cheese","pecorino","30"
"mascarpone_cheese","mascarpone","30"
"aubergine","aubergine","26"
"stock","stock","25"
"red_wine_vinegar","red wine vinegar","25"
"lemon_juice","lemon juice","25"
"yeast","yeast","25"
"strong_white_flour","strong white flour","23"
"vegetable_oil","vegetable oil","23"
"icing_sugar","icing sugar","23"
"bread","bread","22"
"beef_mince","beef mince","22"
"prawn","prawn","22"
"leek","leek","21"
"honey","honey","21"
"squid","squid","21"
"chicken_breast","chicken breast","21"
"white_wine_vinegar","white wine vinegar","20"
"fennel","fennel","20"
"dried_chilli","dried chilli","20"
"spring_onion","spring onion","20"
"orange","orange","20"
"chives","chives","19"
"tagliatelle","tagliatelle","19"
"cinnamon","cinnamon","19"
"penne","penne","18"
"semolina","semolina","18"
"arborio_rice","arborio rice","18"
"sea_salt","sea salt","18"
"dark_chocolate","dark chocolate","17"
"bay_leaf","bay leaf","16"
"mussel","mussels","16"
"passata","passata","16"
"ciabatta","ciabatta","15"
"chicken","chicken","15"
"polenta","polenta","15"
"linguine","linguine","15"
"saffron","saffron","14"
"asparagus","asparagus","14"
"clams","clams","14"
"marsala_wine","Marsala wine","14"
"vanilla_pod","vanilla pod","14"
"hazelnut","hazelnut","13"
"peppercorn","peppercorn","13"
"lasagne_sheets","lasagne sheets","13"
"marjoram","marjoram","13"
"double-zero_flour","00 flour","12"
"salad","salad","12"
"single_cream","single cream","12"
"creme_fraiche","crème fraîche","12"
"new_potatoes","new potatoes","12"
"scallop","scallop","12"
"artichoke","artichoke","12"
"fennel_seeds","fennel seeds","12"
"oil","oil","11"
"sausage","sausage","11"
"brandy","brandy","11"
"chocolate","chocolate","11"
"cloves","cloves","11"
"liqueur","liqueur","11"
"white_bread","white bread","11"
"lamb","lamb","11"
"almond","almond","11"
"pesto","pesto","11"
"potato","potato","11"
"pork","pork","11"
"bacon","bacon","10"
"cannellini_beans","cannellini beans","10"
"puff_pastry","puff pastry","10"
"green_bean","green beans","10"
"coffee","coffee","10"
"sunflower_oil","sunflower oil","10"
"beef_stock","beef stock","10"
"truffle","truffle","9"
"cocoa","cocoa powder","9"
"tarragon","tarragon","9"
"amaretti","amaretti","9"
"vinegar","vinegar","9"
"ground_almonds","ground almonds","9"
"truffle_oil","truffle oil","9"
"monkfish","monkfish","9"
"pumpkin","pumpkin","9"
"cornflour","cornflour","9"
"watercress","watercress","9"
"baking_powder","baking powder","9"
"crab","crab","9"
"lobster","lobster","9"
"cream","cream","8"
"chestnut","chestnut","8"
"ham","ham","8"
"wild_mushroom","wild mushrooms","8"
"chicken_liver","chicken liver","8"
"walnut","walnut","8"
"baguette","baguette","8"
"dijon_mustard","Dijon mustard","8"
"fontina_cheese","fontina cheese","8"
"beetroot","beetroot","8"
"chervil","chervil","8"
"salmon","salmon","7"
"chestnut_mushroom","chestnut mushrooms","7"
"coriander","coriander","7"
"raisins","raisins","7"
"herb","herbs","7"
"sea_bass","sea bass","7"
"cheese","cheese","7"
"swiss_chard","Swiss chard","7"
"gorgonzola_cheese","gorgonzola","7"
"paprika","paprika","7"
"vanilla_extract","vanilla extract","7"
"white_pepper","white pepper","7"
"cheddar_cheese","cheddar","7"
"salad_leaves","salad leaves","6"
"lime","lime","6"
"sultanas","sultanas","6"
"cayenne_pepper","cayenne pepper","6"
"vodka","vodka","6"
"rice","rice","6"
"egg_white","egg white","6"
"gelatine","gelatine","6"
"purple_sprouting_broccoli","purple sprouting broccoli","6"
"coriander_fresh","fresh coriander","6"
"avocado","avocado","6"
"brown_sugar","brown sugar","6"
"fig","fig","6"
"vermouth","vermouth","6"
"coriander_seeds","coriander seeds","6"
"goats_cheese","goats' cheese","6"
"sardine","sardine","5"
"worcestershire_sauce","worcestershire sauce","5"
"king_edward_potato","King Edward","5"
"panettone","panettone","5"
"rum","rum","5"
"broad_beans","broad beans","5"
"pork_sausages","pork sausages","5"
"borlotti_bean","borlotti beans","5"
"lamb_stock","lamb stock","5"
"ginger","ginger","5"
"shiitake_mushroom","shiitake mushroom","5"
"tapenade","tapenade","5"
"seed","seeds","4"
"cauliflower","cauliflower","4"
"broccoli","broccoli","4"
"smoked_salmon","smoked salmon","4"
"wine","wine","4"
"yoghurt","yoghurt","4"
"pork_chop","pork chop","4"
"beef","beef","4"
"flaked_almonds","flaked almonds","4"
"biscuit","biscuits","4"
"radicchio","radicchio","4"
"taleggio_cheese","taleggio","4"
"demerara_sugar","demerara sugar","4"
"vanilla_essence","vanilla essence","4"
"oyster_mushroom","oyster mushrooms","4"
"butternut_squash","butternut squash","4"
"sea_bream","sea bream","4"
"dolcelatte_cheese","dolcelatte","4"
"grapefruit","grapefruit","4"
"octopus","octopus","4"
"pork_fillet","pork fillet","4"
"fusilli","fusilli","4"
"venison","venison","3"
"little_gem_lettuce","Little Gem lettuce","3"
"savoy_cabbage","savoy cabbage","3"
"juniper_berries","juniper berries","3"
"strawberry","strawberry","3"
"lemon_sole","lemon sole","3"
"langoustine","langoustine","3"
"rigatoni","rigatoni","3"
"nettles","nettle","3"
"celeriac","celeriac","3"
"self-raising_flour","self-raising flour","3"
"red_mullet","red mullet","3"
"vegetable","vegetables","3"
"chorizo","chorizo","3"
"salami","salami","3"
"pea_shoots","pea shoots","3"
"porcini","porcini","3"
"dill","dill","3"
"duck","duck","3"
"crayfish","crayfish","3"
"grain","grain","3"
"chicken_leg","chicken leg","3"
"pear","pear","3"
"swordfish","swordfish","3"
"chilli_powder","chilli powder","3"
"veal","veal","3"
"sourdough_bread","sourdough bread","3"
"lard","lard","3"
"cherry","cherry","3"
"candied_peel","candied peel","3"
"pistachio","pistachio","3"
"orange_juice","orange juice","3"
"madeira_cake","Madeira cake","3"
"beef_fillet","fillet of beef","3"
"pork_mince","pork mince","3"
"globe_artichoke","globe artichoke","3"
"whipping_cream","whipping cream","3"
"sauce","sauces","2"
"beef_shin","shin","2"
"chanterelle_mushrooms","chanterelle mushrooms","2"
"nougat","nougat","2"
"sherry_vinegar","sherry vinegar","2"
"feta_cheese","feta","2"
"turnip","turnip","2"
"chutney","chutney","2"
"mince","mince","2"
"sparkling_wine","sparkling wine","2"
"lamb_shank","lamb shank","2"
"beef_sirloin","sirloin","2"
"shrimp","brown shrimp","2"
"lamb_chop","lamb chop","2"
"cumin","cumin","2"
"chilli_oil","chilli oil","2"
"tuna_tinned","tinned tuna","2"
"puy_lentils","Puy lentils","2"
"wholegrain_mustard","wholegrain mustard","2"
"trout","trout","2"
"pecan_nut","pecan","2"
"sherry","sherry","2"
"redcurrant_jelly","redcurrant jelly","2"
"soy_sauce","soy sauce","2"
"peanut_oil","peanut oil","2"
"lamb_rump","lamb rump","2"
"samphire","samphire","2"
"beef_tomato","beef tomato","2"
"cavolo_nero","cavolo nero","2"
"brussels_sprouts","Brussels sprouts","2"
"turkey_mince","turkey mince","2"
"anchovy_essence","anchovy essence","2"
"apple","apple","2"
"chickpea","chickpea","2"
"mangetout","mangetout","2"
"sweet_potato","sweet potato","2"
"date","date","2"
"sesame_seeds","sesame seeds","2"
"sweetbread","sweetbread","2"
"fat","fat","2"
"dried_apricot","dried apricots","2"
"rice_flour","rice flour","2"
"rabbit","rabbit","2"
"escalope","escalope","2"
"kale","kale","2"
"tuna_fresh","fresh tuna","2"
"butter_bean","butter beans","2"
"floury_potato","floury potato","2"
"lamb_shoulder","lamb shoulder","2"
"mayonnaise","mayonnaise","2"
"bouquet_garni","bouquet garni","2"
"emmental_cheese","emmental","2"
"ginger_ground","ground ginger","2"
"gruyere_cheese","Gruyère","2"
"gravy","gravy","2"
"lime_juice","lime juice","2"
"chicken_thigh","chicken thigh","2"
"tomato_chutney","tomato chutney","2"
"flageolet_bean","flageolet beans","2"
"lamb_mince","lamb mince","2"
"coffee_granules","coffee granules","2"
"parsnip","parsnip","2"
"curly_kale","curly kale","2"
"lettuce","lettuce","2"
"seasoning","seasoning","2"
"liver","liver","2"
"dry_sherry","dry sherry","2"
"eel","eel","2"
"roast_potatoes","roast potatoes","1"
"grapefruit_juice","grapefruit juice","1"
"quails_egg","quail's egg","1"
"french_bread","French bread","1"
"chicory","chicory","1"
"chilli_paste","chilli paste","1"
"cress","cress","1"
"melon_seeds","melon seeds","1"
"gin","gin","1"
"sesame_oil","sesame oil","1"
"wild_garlic","wild garlic","1"
"maize","maize","1"
"turbot","turbot","1"
"bechamel_sauce","béchamel sauce","1"
"beef_topside","topside","1"
"squash","squash","1"
"clarified_butter","clarified butter","1"
"manchego_cheese","manchego","1"
"runner_bean","runner beans","1"
"butterhead_lettuce","butterhead lettuce","1"
"french_dressing","French dressing","1"
"chilli_sauce","chilli sauce","1"
"salsify","salsify","1"
"apricot","apricot","1"
"wild_duck","wild duck","1"
"white_fish","white fish","1"
"cos_lettuce","cos lettuce","1"
"crackers","crackers","1"
"stem_ginger","stem ginger","1"
"sweet_sherry","sweet sherry","1"
"glucose","glucose","1"
"anise","anise","1"
"cardamom","cardamom","1"
"confectionery","confectionery","1"
"tapioca","tapioca","1"
"dandelion","dandelion","1"
"tortellini","tortellini","1"
"coulis","coulis","1"
"t-bone_steak","T-bone steak","1"
"focaccia","focaccia","1"
"turkey","turkey","1"
"serrano_ham","serrano ham","1"
"english_mustard","English mustard","1"
"cream_cheese","cream cheese","1"
"cranberry_sauce","cranberry sauce","1"
"molasses","molasses","1"
"gherkin","gherkin","1"
"preserved_lemons","preserved lemons","1"
"caviar","caviar","1"
"lemongrass","lemongrass","1"
"christmas_pudding","Christmas pudding","1"
"cottage_cheese","cottage cheese","1"
"couscous","couscous","1"
"melon","melon","1"
"sole","sole","1"
"cockles","cockles","1"
"seafood","seafood","1"
"pigeon","pigeon","1"
"shortcrust_pastry","shortcrust pastry","1"
"haddock","haddock","1"
"rennet","rennet","1"
"stilton_cheese","Stilton","1"
"whisky","whisky","1"
"guinea_fowl","guinea fowl","1"
"french_beans","French beans","1"
"pumpkin_seed","pumpkin seed","1"
"fish","fish","1"
"exotic_fruit","exotic fruit","1"
"passion_fruit","passion fruit","1"
"ice_cream","ice cream","1"
"macaroni","macaroni","1"
"barbary_duck","barbary duck","1"
"halibut","halibut","1"
"white_chocolate","white chocolate","1"
"milk_chocolate","milk chocolate","1"
"mango","mango","1"
"rapeseed_oil","rapeseed oil","1"
"salsa","salsa","1"
"cava","cava","1"
"fruit","fruit","1"
"beef_flank","flank","1"
"lamb_leg","leg of lamb","1"
"apricot_jam","apricot jam","1"
"blackberry","blackberry","1"
"champagne","champagne","1"
"grey_mullet","grey mullet","1"
"forced_rhubarb","forced rhubarb","1"
"lentils","lentils","1"
"marrow","marrow","1"
"wensleydale_cheese","wensleydale","1"
"coley","coley","1"
"lamb_neck","lamb neck","1"
"red_snapper","red snapper","1"
"lardons","lardons","1"
"kipper","kipper","1"
"ale","ale","1"
"rump","rump","1"
"ketjap_manis","ketjap manis","1"
"cod","cod","1"
"ouzo","ouzo","1"
"soya_bean","soya beans","1"
"currant","currants","1"
"grapes","grapes","1"
"farfalle","farfalle","1"
"amaranth","amaranth","1"
"perch","perch","1"
"tongue","tongue","1"
"star_anise","star anise","1"
"egg_wash","egg wash","1"
"stuffing","stuffing","1"
"green_cabbage","green cabbage","1"
"toffee","toffee","1"
"long-grain_rice","long-grain rice","1"
"prune","prune","1"
"pork_belly","pork belly","1"
"coriander_cress","coriander cress","1"
"pappardelle","pappardelle","1"
"smoked_trout","smoked trout","1"
"haricot_bean","haricot beans","1"
"cabbage","cabbage","1"
"port","port","1"
"goose","goose","1"
"field_mushroom","field mushroom","1"
"desiree_potato","Desirée","1"
"fruit_brandy","fruit brandy","1"
"sweetcorn","sweetcorn","1"
"strega_liqueur","strega liqueur","1"
"morel","morel","1"
"coffee_beans","coffee beans","1"
"lamb_rack","rack of lamb","1"
"turkey_breast","turkey breast","1"
"fettuccine","fettuccine","1"
"clotted_cream","clotted cream","1"
"cucumber","cucumber","1"
